like,date
5996,2017-11-27T08:00:00+0000
6004,2017-11-28T08:00:00+0000
6013,2017-11-29T08:00:00+0000
6030,2017-11-30T08:00:00+0000
6041,2017-12-01T08:00:00+0000
6059,2017-12-02T08:00:00+0000
6066,2017-12-03T08:00:00+0000
6072,2017-12-04T08:00:00+0000
6081,2017-12-05T08:00:00+0000
6092,2017-12-06T08:00:00+0000
6099,2017-12-07T08:00:00+0000
6104,2017-12-08T08:00:00+0000
6122,2017-12-09T08:00:00+0000
6118,2017-12-10T08:00:00+0000
6121,2017-12-11T08:00:00+0000
6129,2017-12-12T08:00:00+0000
6125,2017-12-13T08:00:00+0000
6127,2017-12-14T08:00:00+0000
6128,2017-12-15T08:00:00+0000
6130,2017-12-16T08:00:00+0000
6131,2017-12-17T08:00:00+0000
6132,2017-12-18T08:00:00+0000
6136,2017-12-19T08:00:00+0000
6137,2017-12-20T08:00:00+0000
6138,2017-12-21T08:00:00+0000
6138,2017-12-22T08:00:00+0000
6140,2017-12-23T08:00:00+0000
6146,2017-12-24T08:00:00+0000
6147,2017-12-25T08:00:00+0000
6149,2017-12-26T08:00:00+0000
